tconst,BoxOffice
tt0010088,
tt0012675,3270000.0
tt0013556,
tt0014991,197571.0
tt0015016,
tt0015163,
tt0015400,
tt0015648,51198.0
tt0015864,
tt0016332,210748.0
tt0018183,
tt0018253,
tt0019096,
tt0019388,10900000.0
tt0020062,
tt0020198,
tt0020589,
tt0020641,
tt0020815,
tt0020836,
tt0020960,
tt0021079,
tt0021873,
tt0021884,
tt0022458,
tt0022827,882900.0
tt0023181,
tt0023594,
tt0023622,
tt0023642,
tt0023694,
tt0023825,
tt0024028,
tt0024620,
tt0024894,
tt0026138,
tt0026393,
tt0029047,
tt0029284,
tt0029843,
tt0029855,
tt0029870,
tt0029947,
tt0030202,
tt0031260,
tt0031398,
tt0031721,
tt0032553,
tt0032762,
tt0033028,
tt0033405,5923496.0
tt0033717,
tt0033729,
tt0033740,
tt0034162,
tt0034248,
tt0034399,
tt0034449,
tt0034465,
tt0034578,
tt0034587,
tt0034646,
tt0034928,2834000.0
tt0035258,
tt0035423,47121859.0
tt0035608,2600000.0
tt0035799,
tt0036218,
tt0036323,2300000.0
tt0036613,
tt0036756,
tt0036855,
tt0036959,1669226.0
tt0037366,
tt0037515,
tt0037644,
tt0037954,
tt0038109,
tt0038190,
tt0038275,
tt0038650,1483643.0
tt0038787,
tt0038991,
tt0039208,
tt0039330,
tt0039750,
tt0039926,
tt0040221,
tt0040259,
tt0040544,
tt0040636,2400000.0
tt0040664,
tt0040848,
tt0041257,
tt0041445,
tt0041555,
tt0041650,
tt0041776,
tt0041841,
tt0041886,
tt0042041,
tt0042208,
tt0042247,
tt0042393,5000000.0
tt0042646,
tt0042665,
tt0042672,
tt0042859,
tt0042994,
tt0043306,
tt0043379,
tt0043459,
tt0043547,
tt0043606,
tt0043744,
tt0043750,
tt0043899,17401.0
tt0043924,
tt0044079,26597.0
tt0044081,
tt0044333,1600000.0
tt0044426,1250000.0
tt0044517,
tt0044751,
tt0044837,
tt0045061,10550000.0
tt0045162,18050000.0
tt0045184,
tt0045201,
tt0045274,71816.0
tt0045546,
tt0045693,
tt0045759,
tt0045816,
tt0045883,
tt0045888,23750000.0
tt0045891,
tt0045897,2000000.0
tt0045943,
tt0046126,
tt0046250,
tt0046719,
tt0046876,
tt0046883,
tt0046951,
tt0046969,
tt0047073,
tt0047296,
tt0047478,318649.0
tt0047542,1400000.0
tt0047630,
tt0047885,
tt0048380,21200000.0
tt0048473,134241.0
tt0048538,
tt0048554,1100000.0
tt0048673,
tt0048728,
tt0048750,
tt0048966,
tt0049092,
tt0049128,
tt0049189,
tt0049223,
tt0049291,1350000.0
tt0049470,
tt0049665,
tt0049778,
tt0050118,
tt0050168,
tt0050280,
tt0050777,
tt0050803,
tt0051036,
tt0051114,
tt0051429,
tt0051435,
tt0051459,
tt0051554,
tt0051565,
tt0051579,
tt0051622,
tt0051658,
tt0051744,
tt0051808,46808.0
tt0051852,17351.0
tt0052365,
tt0052555,
tt0052561,11900000.0
tt0052679,
tt0052832,
tt0052920,
tt0052948,
tt0053125,66728.0
tt0053131,
tt0053137,
tt0053143,23300000.0
tt0053146,
tt0053247,
tt0053291,
tt0053563,
tt0053604,18600000.0
tt0053779,
tt0054004,
tt0054016,
tt0054098,161434.0
tt0054170,
tt0054242,31539.0
tt0054248,
tt0054387,
tt0054443,
tt0054698,
tt0054931,
tt0054953,
tt0054997,
tt0055018,
tt0055031,
tt0055256,
tt0055347,
tt0055608,
tt0055630,46808.0
tt0055895,8123077.0
tt0056059,14000000.0
tt0056193,
tt0056197,
tt0056218,2757256.0
tt0056234,
tt0056264,
tt0056406,
tt0056700,
tt0056869,
tt0056875,
tt0056923,
tt0056931,1000000.0
tt0056937,57777778.0
tt0057076,24796765.0
tt0057115,
tt0057163,
tt0057193,46332858.0
tt0057232,
tt0057280,
tt0057427,93533.0
tt0057449,
tt0057522,
tt0057565,46808.0
tt0057652,
tt0057877,149327.0
tt0057993,
tt0058085,
tt0058088,
tt0058182,1480356.0
tt0058329,
tt0058418,
tt0058461,14500000.0
tt0058604,168100.0
tt0059126,
tt0059243,
tt0059362,
tt0059578,15000000.0
tt0059641,
tt0059711,17268889.0
tt0059792,
tt0059825,
tt0060049,
tt0060086,
tt0060121,
tt0060424,
tt0060440,
tt0060445,
tt0060464,
tt0060472,
tt0060490,
tt0060665,
tt0060701,
tt0060802,
tt0060921,
tt0061087,
tt0061107,
tt0061398,
tt0061452,
tt0061502,5200000.0
tt0061512,
tt0061578,
tt0061770,
tt0061811,
tt0061834,20238100.0
tt0061955,45075.0
tt0062138,
tt0062290,
tt0062707,
tt0062765,511350.0
tt0062776,
tt0062797,
tt0062985,
tt0063035,
tt0063056,
tt0063121,
tt0063275,
tt0063350,236452.0
tt0063360,
tt0063462,328673.0
tt0063518,
tt0063592,
tt0063688,
tt0063787,
tt0063794,148503.0
tt0064072,
tt0064100,
tt0064116,5321508.0
tt0064117,
tt0064437,
tt0064563,
tt0064576,
tt0064639,
tt0064747,
tt0064956,
tt0065234,83305.0
tt0065373,
tt0065571,238792.0
tt0065724,
tt0065761,
tt0065803,
tt0065999,
tt0066071,
tt0066092,
tt0066130,
tt0066471,
tt0066769,
tt0066831,
tt0066993,1133022.0
tt0067055,
tt0067260,
tt0067320,
tt0067321,
tt0067411,
tt0067541,50394.0
tt0067952,
tt0067961,51713.0
tt0067991,19216000.0
tt0067992,573368.0
tt0068260,
tt0068327,
tt0068341,
tt0068351,
tt0068473,
tt0068496,
tt0068519,
tt0068595,
tt0068611,
tt0068638,
tt0068762,
tt0068767,
tt0068821,
tt0068917,
tt0068935,
tt0069016,
tt0069050,475611.0
tt0069089,
tt0069208,
tt0069341,
tt0069518,
tt0069528,4687000.0
tt0069690,
tt0069702,
tt0069746,
tt0069838,
tt0069851,
tt0070034,25259.0
tt0070126,
tt0070215,
tt0070331,
tt0070432,
tt0070471,
tt0070510,
tt0070723,
tt0070878,
tt0070959,1127482.0
tt0071110,
tt0071196,
tt0071458,8144.0
tt0071524,
tt0071569,
tt0071619,
tt0071661,
tt0071910,633298.0
tt0071950,
tt0071991,
tt0072209,
tt0072251,
tt0072253,
tt0072271,30859000.0
tt0072684,
tt0072727,
tt0072750,3602023.0
tt0072856,
tt0072912,
tt0073338,
tt0073341,
tt0073343,
tt0073522,
tt0073540,49582.0
tt0073553,
tt0073747,8720000.0
tt0073765,
tt0073768,
tt0073896,
tt0073918,
tt0073941,
tt0074113,
tt0074116,
tt0074263,
tt0074287,
tt0074292,
tt0074300,
tt0074404,
tt0074422,
tt0074486,
tt0074512,
tt0074691,
tt0074937,
tt0074971,
tt0075342,
tt0075439,
tt0075648,
tt0075650,
tt0075651,
tt0075793,
tt0076011,
tt0076079,
tt0076099,
tt0076144,
tt0076227,
tt0076299,957.0
tt0076359,
tt0076542,
tt0076636,
tt0076683,
tt0076709,
tt0076740,
tt0076759,460998507.0
tt0076767,
tt0076845,
tt0077240,
tt0077249,
tt0077292,
tt0077294,
tt0077318,
tt0077355,
tt0077402,
tt0077681,
tt0077749,
tt0077769,
tt0077773,
tt0077834,
tt0077889,
tt0077944,
tt0077986,
tt0078235,
tt0078252,
tt0078335,9530.0
tt0078350,
tt0078407,
tt0078428,
tt0078482,
tt0078718,33300000.0
tt0078740,13015688.0
tt0078875,
tt0078946,
tt0079144,
tt0079147,
tt0079151,
tt0079368,
tt0079374,
tt0079417,106260000.0
tt0079444,
tt0079470,20206622.0
tt0079475,
tt0079592,
tt0079596,
tt0079652,
tt0079776,
tt0079892,
tt0080024,
tt0080057,
tt0080310,
tt0080316,
tt0080354,
tt0080491,
tt0080513,
tt0080520,41675194.0
tt0080546,
tt0080671,
tt0080684,292753960.0
tt0080711,
tt0080716,21202829.0
tt0080725,
tt0080764,
tt0080771,
tt0080801,30031783.0
tt0080842,
tt0080889,
tt0080897,
tt0080944,
tt0081070,
tt0081119,
tt0081182,
tt0081187,
tt0081233,
tt0081400,
tt0081455,14225876.0
tt0081502,
tt0081635,
tt0081657,
tt0081686,
tt0081811,
tt0080889,
tt0080897,
tt0080944,
tt0081070,
tt0081119,
tt0081182,
tt0081187,
tt0081233,
tt0081400,
tt0081455,14225876.0
tt0081502,
tt0081635,
tt0081657,
tt0081686,
tt0081811,
tt0082131,
tt0082186,41092328.0
tt0082206,11527.0
tt0082233,
tt0082242,
tt0082247,
tt0082285,
tt0082328,
tt0082338,1414828.0
tt0082498,
tt0082511,
tt0082677,
tt0082694,23667907.0
tt0082783,5073.0
tt0082926,
tt0082933,1158473.0
tt0082935,
tt0082956,237000.0
tt0082984,
tt0083017,
tt0083144,
tt0083331,
tt0083511,78868508.0
tt0083590,22293.0
tt0083591,
tt0083691,
tt0083716,
tt0083771,
tt0083860,
tt0083866,437345144.0
tt0083907,2400000.0
tt0083926,
tt0083959,
tt0083971,
tt0083972,36690067.0
tt0084003,
tt0084059,
tt0084212,
tt0084296,20659423.0
tt0084350,
tt0084383,
tt0084408,
tt0084556,
tt0084563,
tt0084616,
tt0084620,
tt0084728,
tt0084787,19857465.0
tt0084807,
tt0084887,
tt0084893,
tt0085204,
tt0085210,9190819.0
tt0085278,
tt0085282,
tt0085544,
tt0085689,
tt0085852,
tt0085893,
tt0085939,
tt0085956,
tt0085968,
tt0085991,
tt0085995,61418063.0
tt0086024,
tt0086189,
tt0086190,316566101.0
tt0086250,45967303.0
tt0086303,
tt0086325,5678950.0
tt0086366,15543710.0
tt0086511,
tt0086586,
tt0087004,3677209.0
tt0087031,
tt0087085,
tt0087130,1057064.0
tt0087242,3091.0
tt0087298,32980880.0
tt0087705,
tt0087763,8217.0
tt0087765,
tt0087779,
tt0087844,
tt0087959,
tt0087985,38376497.0
tt0088015,
tt0088103,5778353.0
tt0088119,
tt0088192,
tt0088198,
tt0088768,
tt0088821,
tt0088866,
tt0088931,
tt0088961,
tt0089088,
tt0089122,
tt0089166,
tt0089200,
tt0089216,
tt0089247,
tt0089871,
tt0089884,
tt0089888,
tt0089907,14237880.0
tt0090190,
tt0090784,
tt0090831,
tt0090876,
tt0090915,
tt0090956,
tt0091067,
tt0091069,
tt0091080,19472057.0
tt0091081,149440.0
tt0091216,1250000.0
tt0091251,71909.0
tt0091289,
tt0091325,432266.0
tt0091464,544472.0
tt0091766,
tt0091810,
tt0091948,
tt0091964,
tt0092045,
tt0092048,224097.0
tt0092080,
tt0092241,
tt0092264,
tt0092494,32945797.0
tt0092597,
tt0092708,
tt0092757,
tt0092904,
tt0092946,23717.0
tt0092991,5923044.0
tt0093049,
tt0093105,123922370.0
tt0093120,
tt0093164,2793214.0
tt0093406,
tt0093744,3569939.0
tt0093745,
tt0093748,49530280.0
tt0093761,
tt0093861,
tt0093870,53424681.0
tt0093893,
tt0093978,
tt0093986,406881.0
tt0093988,
tt0094133,
tt0094152,12682.0
tt0094176,214722.0
tt0094197,
tt0094343,
tt0094597,2955917.0
tt0094680,
tt0094700,
tt0094789,
tt0094795,
tt0094849,
tt0095071,123959.0
tt0095179,19170001.0
tt0095208,
tt0095255,
tt0095305,138288.0
tt0095709,1333379.0
tt0095765,12397210.0
tt0095933,
tt0095958,796368.0
tt0095996,206138.0
tt0096130,
tt0096954,
tt0097012,
tt0097050,13299749.0
tt0097108,7724701.0
tt0097145,
tt0097179,8143225.0
tt0097182,
tt0097474,11642254.0
tt0097597,
tt0097794,
tt0097888,
tt0097958,74515899.0
tt0098193,192816.0
tt0098201,
tt0098329,
tt0098455,
tt0098571,
tt0098959,
tt0099044,80818974.0
tt0099080,
tt0099138,
tt0099423,117540947.0
tt0099426,
tt0099558,10405394.0
tt0099753,
tt0099780,
tt0099814,
tt0099817,4348368.0
tt0100112,1217084.0
tt0100414,52654.0
tt0100465,239008.0
tt0100479,
tt0100502,45681173.0
tt0100514,21633874.0
tt0100909,
tt0100915,
tt0100973,
tt0101387,
tt0101395,
tt0101452,38037513.0
tt0101692,
tt0101765,1999955.0
tt0101792,
tt0101808,
tt0101827,
tt0101996,
tt0102034,15556340.0
tt0102130,
tt0102158,
tt0102253,
tt0102510,86930411.0
tt0102539,
tt0102721,524668.0
tt0102932,
tt0102974,
tt0103157,1159578.0
tt0103231,
tt0103282,405137.0
tt0103817,
tt0104065,
tt0104109,
tt0104233,
tt0104320,
tt0104366,
tt0104785,
tt0105017,2280148.0
tt0105052,
tt0105080,
tt0105344,
tt0105626,
tt0105665,4160851.0
tt0105801,
tt0105819,573904.0
tt0105869,
tt0106245,
tt0106333,
tt0106335,
tt0106341,
tt0106373,
tt0106487,
tt0106963,553.0
tt0107046,
tt0107093,
tt0107103,
tt0107450,
tt0107688,87620624.0
tt0107702,
tt0107930,203602.0
tt0107978,10696210.0
tt0108047,
tt0108123,
tt0108137,
tt0108188,58834.0
tt0108331,
tt0108344,
tt0108394,1324974.0
tt0108500,659810.0
tt0108593,
tt0109330,
tt0109424,600200.0
tt0109491,350354.0
tt0109555,
tt0109702,30209.0
tt0110148,105264608.0
tt0110200,
tt0110221,
tt0110337,
tt0110405,151068.0
tt0110413,19501238.0
tt0110500,
tt0110622,51132598.0
tt0110719,255088.0
tt0110738,
tt0110785,
tt0110858,
tt0111010,
tt0111185,
tt0111260,
tt0111407,
tt0111478,
tt0111495,3581969.0
tt0111507,1237219.0
tt0111767,
tt0111835,
tt0112362,
tt0112439,
tt0112509,
tt0112652,
tt0112682,1738611.0
tt0112775,
tt0112864,100012499.0
tt0112913,163145.0
tt0112924,
tt0112974,
tt0113247,280859.0
tt0113337,91170.0
tt0113416,2213927.0
tt0113658,1220.0
tt0113875,
tt0113932,
tt0113989,
tt0114368,
tt0114369,100125643.0
tt0114429,
tt0114437,
tt0115042,
tt0115756,
tt0116036,
tt0116047,
tt0116225,25477365.0
tt0116315,
tt0116325,
tt0116604,
tt0116681,
tt0116704,15318863.0
tt0116875,
tt0116990,
tt0117101,
tt0117218,128814019.0
tt0117422,
tt0117925,
tt0117975,
tt0117988,
tt0118030,
tt0118531,5727130.0
tt0118583,47795658.0
tt0118614,
tt0118661,23384939.0
tt0118688,107353792.0
tt0118735,
tt0118826,877621.0
tt0118849,933933.0
tt0118939,
tt0118974,
tt0119002,831.0
tt0119029,
tt0119103,
tt0119109,28598376.0
tt0119201,
tt0119272,
tt0119415,
tt0119453,301360.0
tt0119546,
tt0119558,1071255.0
tt0119715,61917389.0
tt0119870,
tt0119879,
tt0119969,
tt0120025,
tt0120316,
tt0120554,
tt0120665,
tt0120667,154696080.0
tt0120694,55041738.0
tt0120714,
tt0120837,
tt0120882,146072.0
tt0120902,83898313.0
tt0121164,53401527.0
tt0122685,
tt0123056,
tt0123114,
tt0128842,
tt0132907,
tt0133275,
tt0133282,
tt0134033,474900.0
tt0138052,
tt0138631,
tt0138771,
tt0138817,
tt0138829,
tt0142239,
tt0142243,
tt0144130,
tt0144528,123309890.0
tt0145467,
tt0145547,
tt0147192,29874.0
tt0148583,
tt0150641,
tt0151047,
tt0151594,
tt0154378,
tt0155975,21485655.0
tt0156807,
tt0158113,
tt0158983,52037603.0
tt0159382,6201143.0
tt0160429,11993021.0
tt0161415,
tt0163169,
tt0163306,
tt0164360,
tt0164480,
tt0164538,
tt0165362,
tt0165555,
tt0165798,3308029.0
tt0166321,
tt0166390,
tt0166842,
tt0166948,1268443.0
tt0167132,
tt0168492,
tt0169364,
tt0169730,
tt0172543,
tt0175996,894410.0
tt0176422,500896.0
tt0176666,
tt0177061,
tt0177195,
tt0178022,
tt0179137,
tt0179145,
tt0180037,
tt0181810,233076.0
tt0183550,
tt0189456,
tt0191636,3193889.0
tt0193890,
tt0199342,
tt0201951,
tt0202703,
tt0208948,
tt0209368,
tt0210199,
tt0210843,
tt0211915,33708780.0
tt0211919,
tt0212132,55188.0
tt0212936,
tt0216417,
tt0216948,
tt0217007,
tt0217629,
tt0217643,
tt0218522,
tt0221691,
tt0223832,
tt0227277,183132.0
tt0228786,594966.0
tt0230030,37886980.0
tt0231208,
tt0231615,
tt0235198,131296.0
tt0236783,
tt0237993,126404.0
tt0238883,
tt0239670,
tt0240377,
tt0240468,16037962.0
tt0241663,
tt0242285,
tt0244020,
tt0244316,1136776.0
tt0245428,
tt0247586,1222889.0
tt0250522,
tt0251736,12634962.0
tt0255195,
tt0255426,
tt0256375,
tt0258153,9688676.0
tt0259442,
tt0261448,
tt0261521,
tt0261842,
tt0262415,
tt0263265,
tt0264792,
tt0265859,
tt0266078,
tt0266308,
tt0266697,70099045.0
tt0266821,
tt0268437,
tt0270480,280046.0
tt0270902,
tt0271383,
tt0275876,
tt0278597,
tt0280605,
tt0281370,
tt0282129,
tt0283943,
tt0284034,232044.0
tt0284631,
tt0285006,
tt0285441,3789952.0
tt0286306,
tt0287624,
tt0287811,
tt0288519,
tt0290334,214949694.0
tt0290794,
tt0290867,
tt0291350,262891.0
tt0291832,
tt0291993,
tt0293412,
tt0293715,
tt0295254,13258249.0
tt0295480,55968.0
tt0295701,142109382.0
tt0295718,
tt0295876,
tt0299547,
tt0299873,
tt0299977,53710019.0
tt0301050,33098.0
tt0301417,
tt0301563,
tt0301989,
tt0302280,
tt0302453,
tt0303251,
tt0303408,
tt0304514,
tt0305999,
tt0306432,82916.0
tt0306909,
tt0308152,
tt0309380,
tt0310000,
tt0310775,45289.0
tt0310778,2503286.0
tt0312409,
tt0312573,
tt0312886,
tt0313196,5717044.0
tt0313726,
tt0314121,
tt0314170,269586.0
tt0315638,
tt0316353,
tt0316763,
tt0317887,198309.0
tt0318283,14218698.0
tt0318974,22414961.0
tt0320159,
tt0322298,
tt0323120,
tt0325145,
tt0326664,54965.0
tt0326835,307486.0
tt0327205,
tt0328175,
tt0329584,
tt0330229,4067.0
tt0331072,
tt0331088,
tt0335596,
tt0337678,
tt0338280,
tt0338459,111761982.0
tt0339230,
tt0339291,118634549.0
tt0339840,41196.0
tt0340110,
tt0341376,
tt0341384,
tt0343524,
tt0346336,274024.0
tt0347449,
tt0347755,
tt0351461,60555.0
tt0351817,559765.0
tt0351867,
tt0351887,
tt0352332,248460.0
tt0352951,
tt0353765,
tt0353969,15357.0
tt0355336,
tt0355563,
tt0356446,
tt0356453,200433.0
tt0356487,
tt0357169,
tt0359518,
tt0360032,
tt0360798,
tt0362225,6177192.0
tt0363226,1118163.0
tt0364569,2458200.0
tt0364725,114326736.0
tt0365296,5342.0
tt0365443,
tt0366726,
tt0366780,866999.0
tt0367913,
tt0368226,549602.0
tt0369738,
tt0370263,80282231.0
tt0372478,
tt0372907,
tt0372909,
tt0372937,
tt0373883,58272029.0
tt0374021,
tt0374164,
tt0374298,
tt0375222,
tt0375824,
tt0376800,
tt0376968,504256.0
tt0377834,
tt0378194,66208183.0
tt0378453,
tt0378475,
tt0379382,
tt0379918,15456.0
tt0381429,92214.0
tt0385017,
tt0388484,
tt0388838,138711.0
tt0389911,
tt0390195,
tt0391493,
tt0395119,
tt0395802,
tt0396171,2223293.0
tt0400434,
tt0402022,25874337.0
tt0402247,
tt0403358,1502188.0
tt0403957,
tt0404318,
tt0404978,
tt0405393,1827660.0
tt0405821,
tt0406375,29258869.0
tt0410056,
tt0414852,1200216.0
tt0414931,
tt0415678,
tt0416044,5705761.0
tt0416111,
tt0416496,
tt0416666,
tt0416730,
tt0417397,
tt0417976,669625.0
tt0418819,20700082.0
tt0418986,
tt0420982,
tt0424235,
tt0424430,
tt0424863,
tt0425196,
tt0427327,118946291.0
tt0427582,7017.0
tt0427954,12044087.0
tt0429078,
tt0430454,
tt0431641,
tt0433000,
tt0433817,
tt0436681,
tt0439572,108133313.0
tt0439630,
tt0439884,
tt0442751,
tt0443453,128505958.0
tt0443649,94784201.0
tt0443701,20982478.0
tt0445960,
tt0448205,
tt0448564,
tt0450158,
tt0450506,
tt0451094,211667.0
tt0452003,
tt0452631,
tt0452644,
tt0452692,
tt0452971,6646.0
tt0454065,
tt0454096,
tt0454914,
tt0455538,2778752.0
tt0456912,
tt0459748,
tt0459759,
tt0459883,
tt0459924,
tt0460427,
tt0460532,
tt0460791,2266905.0
tt0460989,1836089.0
tt0461336,1400726.0
tt0461894,
tt0461989,406.0
tt0462684,
tt0462703,
tt0463872,
tt0466043,
tt0467506,
tt0468753,
tt0469099,
tt0470079,
tt0470587,
tt0470967,
tt0472615,
tt0473753,202647.0
tt0475616,
tt0476431,
tt0476576,
tt0477323,
tt0477349,
tt0477647,
tt0479767,
tt0480669,39127.0
tt0481390,
tt0482088,2165188.0
tt0482374,
tt0482930,
tt0483741,
tt0485863,
tt0488478,125120.0
tt0489664,
tt0490086,
tt0490215,7100177.0
tt0493160,
tt0493405,18600152.0
tt0493430,72778712.0
tt0495219,
tt0495351,
tt0497137,
tt0498311,
tt0498928,
tt0758730,41797066.0
tt0758742,
tt0774513,
tt0775080,
tt0775486,
tt0778596,
tt0780503,
tt0780504,35061555.0
tt0783511,
tt0790808,
tt0791178,
tt0795448,
tt0800320,163214888.0
tt0806029,
tt0807038,
tt0808185,
tt0808380,
tt0809469,
tt0810827,
tt0814255,88768303.0
tt0816436,
tt0816556,
tt0817225,
tt0821470,
tt0822389,69220.0
tt0822832,143153751.0
tt0825244,
tt0827517,554826.0
tt0834902,
tt0836632,
tt0837563,54724696.0
tt0838231,
tt0847738,
tt0847880,
tt0848228,623357910.0
tt0848592,
tt0857376,
tt0862946,
tt0865297,
tt0867160,10584.0
tt0867284,
tt0867406,
tt0874317,
tt0875025,
tt0881200,
tt0884335,
tt0885520,
tt0891308,
tt0897287,
tt0901488,
tt0903644,
tt0905372,16928670.0
tt0913446,
tt0914863,
tt0918561,
tt0918639,
tt0926084,296374621.0
tt0933382,
tt0938303,
tt0938330,17529157.0
tt0938339,
tt0954272,
tt0956299,
tt0962764,
tt0963743,
tt0970416,79366978.0
tt0970922,
tt0977640,
tt0987918,
tt0995739,
tt0996930,
tt0996966,21152.0
tt0997147,40796.0
tt0997157,
tt0997263,
tt10023022,318877.0
tt1003009,
tt10042590,
tt10059518,20831465.0
tt1013743,76423035.0
tt1013752,155064265.0
tt10140922,
tt10151260,
tt10151854,57638006.0
tt10199590,330181.0
tt1020955,
tt10218674,290217.0
tt1022603,32391374.0
tt1024232,
tt10256894,
tt10272386,2122771.0
tt10279102,
tt1029172,
tt10315050,
tt10327136,
tt1032755,5700626.0
tt1032846,1198208.0
tt10366206,187131806.0
tt10366460,
tt10370710,3034775.0
tt10370822,
tt10384744,
tt10398182,
tt1039949,
tt10405142,
tt10410186,
tt10415576,
tt1041804,195459.0
tt10428316,
tt10434142,
tt1043568,
tt1043860,
tt10446658,
tt10451852,694849.0
tt10492998,
tt10497826,
tt10497992,
tt10499474,
tt10503934,
tt10515086,
tt10521092,
tt10521814,303230.0
tt10545296,166350594.0
tt10589738,
tt1060255,
tt10633456,3110580.0
tt10640346,15351455.0
tt1064744,
tt10648342,343256830.0
tt1064932,
tt10660156,
tt10665338,92002155.0
tt10676048,84500223.0
tt1068242,51802742.0
tt10696882,
tt10698680,2874000.0
tt10731256,45309403.0
tt10741846,264626.0
tt10749948,
tt10767426,
tt10783920,
tt10818092,
tt1082881,
tt1085507,406116.0
tt1085779,
tt10872600,814115070.0
tt1087832,
tt10919020,
tt1092004,20018.0
tt10948718,
tt10954600,214504909.0
tt10954984,123277080.0
tt11003218,3186668.0
tt1101026,
tt1101031,
tt11028768,
tt1104814,
tt11083552,27466489.0
tt1110207,
tt1111422,65452312.0
tt1111876,
tt11120636,
tt11127680,
tt11133472,
tt11138512,34233110.0
tt11140488,185026.0
tt11145118,156248615.0
tt11196036,2657850.0
tt11206172,
tt1124396,
tt11245972,81641405.0
tt11252248,61778069.0
tt11291274,20300157.0
tt1134519,
tt11347146,
tt11382384,57000.0
tt1138442,
tt11389748,145174.0
tt11398346,97526.0
tt11400902,5238.0
tt1140871,
tt11426562,
tt11439556,
tt1146325,2159376.0
tt11464016,115691.0
tt11465994,
tt11482948,36501.0
tt11489288,
tt11496286,
tt11525022,
tt1156396,
tt11564468,
tt1156447,
tt11564570,13280000.0
tt1160419,108897830.0
tt1160996,
tt1161443,
tt11660916,
tt1167599,
tt11686556,
tt11700260,593790.0
tt11703244,17707207.0
tt1170391,
tt11718516,
tt11768018,
tt1176928,
tt11772966,
tt1179067,
tt1179069,
tt11802938,
tt11813216,10582266.0
tt11815960,
tt11822492,
tt11827628,7329043.0
tt1182924,
tt11829884,
tt1183352,
tt11851548,5413227.0
tt1185266,
tt11858890,40774679.0
tt1186366,
tt1187064,
tt11872724,
tt1188996,4018771.0
tt11892034,
tt11892272,
tt1189897,
tt1190539,
tt11930126,41093.0
tt11950836,
tt1198196,
tt1198220,
tt1201592,
tt1201607,381447587.0
tt1202532,
tt1203532,
tt12058242,
tt1209377,
tt1212453,
tt1214974,
tt1216496,551509.0
tt1217565,
tt1217613,83552429.0
tt12200256,
tt1220719,
tt1227189,
tt1229345,
tt1230463,
tt1235142,6853.0
tt12363162,
tt1236434,
tt1239388,
tt1239426,
tt12410714,
tt12412888,190872904.0
tt1242744,
tt12447796,21284.0
tt1245492,101470202.0
tt1245526,90380162.0
tt12474056,303556.0
tt1247681,
tt12477480,2179864.0
tt12497408,
tt12500804,
tt1253863,106580051.0
tt1255919,30573626.0
tt1255953,2071334.0
tt12593682,103368602.0
tt1261393,
tt1267297,72688614.0
tt1270090,
tt1270797,213515506.0
tt1270850,
tt1272018,
tt1276110,
tt12768840,
tt1277373,
tt1278055,
tt1278180,
tt1282024,
tt1284028,
tt12847680,
tt1288558,54239856.0
tt1288571,
tt1291580,
tt1293847,44898413.0
tt12953548,
tt12971924,516521.0
tt1297299,
tt1297919,
tt1301308,
tt1302006,
tt1302577,
tt13045626,
tt13056052,1046899.0
tt13086670,
tt13097336,
tt1310363,
tt13113544,
tt13204490,829065.0
tt1321813,
tt1322302,
tt1324999,281287133.0
tt1327798,
tt1329354,
tt13349892,
tt13364790,
tt13389730,
tt13391710,
tt1340123,
tt1340138,89760956.0
tt1340800,24149393.0
tt1343092,144857996.0
tt13450396,
tt1345507,
tt13462900,342411.0
tt13486236,
tt13531468,
tt1355644,100014699.0
tt13560574,11765309.0
tt13580840,
tt1361843,
tt13622118,33765.0
tt1364289,
tt13651628,4018313.0
tt13652420,
tt13655120,6573799.0
tt1368864,
tt1369813,
tt1370439,
tt1371150,34296320.0
tt13721828,143723.0
tt1373243,
tt13758684,91653.0
tt13758760,
tt1376709,
tt13809646,
tt13833688,17463630.0
tt13857480,
tt1386703,58877969.0
tt13880104,181023.0
tt1388358,
tt13887128,
tt1388924,
tt13890834,
tt13898970,
tt13930782,
tt1393746,62962.0
tt13946146,
tt13970148,
tt1401143,236347.0
tt1403085,
tt14033502,72342.0
tt14034966,
tt14039582,2352240.0
tt14060094,9591094.0
tt1409024,179020854.0
tt14099462,
tt14109724,68275985.0
tt14141754,
tt1414840,
tt1418646,
tt14188284,
tt14210088,
tt14230458,34553225.0
tt14274698,
tt1428538,55703475.0
tt14303882,
tt14338074,
tt1435475,
tt14354838,
tt1438461,
tt14402146,1177577.0
tt14444726,6773650.0
tt1446151,
tt1447944,
tt14503370,
tt1451395,
tt14536120,
tt14542254,
tt1454523,
tt14549466,2452882.0
tt14570440,8702731.0
tt1457766,
tt1458527,
tt1459000,
tt1460738,
tt1460743,
tt14614892,38112140.0
tt1461681,
tt1464335,148648820.0
tt1465522,223838.0
tt14668630,46888441.0
tt1467304,181467.0
tt1467391,
tt1475400,
tt1477109,
tt1477715,72091016.0
tt1478839,26395642.0
tt14812496,
tt1483386,
tt14860210,
tt1486834,3493000.0
tt14928724,
tt1496025,62321039.0
tt1502397,206305244.0
tt1502407,159342015.0
tt15056566,
tt15109082,1500014.0
tt15120086,
tt1512685,
tt15149712,
tt15150424,
tt1515205,
tt1515882,
tt15164298,
tt1517268,636238421.0
tt1517451,215333122.0
tt1517489,38538188.0
tt15198954,
tt15255876,2156296.0
tt1529279,
tt15325794,7240521.0
tt1536537,
tt15398776,329862540.0
tt15428940,1924922.0
tt1542960,
tt15464742,
tt15471560,64484.0
tt15474916,105935048.0
tt1551620,
tt15547806,
tt15575470,20541.0
tt1560220,73123082.0
tt1560950,
tt15613538,
tt1564367,103028109.0
tt1565995,
tt1566501,5672846.0
tt1566601,
tt1568816,
tt1569364,
tt1569465,
tt15783462,
tt15838850,812859.0
tt1587278,
tt1588358,29864.0
tt1595354,
tt1595366,
tt1595656,587615.0
tt1606652,
tt16148580,
tt16223874,
tt16233104,
tt1625098,
tt1630029,684075767.0
tt1633356,18877153.0
tt1634106,12561824.0
tt1638355,45445109.0
tt1640459,703372.0
tt16410984,
tt16425284,
tt16430516,
tt1645131,1162635.0
tt1648216,
tt1649444,9600.0
tt1656190,17142080.0
tt1658837,
tt1661199,201151353.0
tt1661236,
tt1671616,
tt1673434,292324737.0
tt1675434,10198820.0
tt1677561,
tt1677719,
tt1686039,
tt1694019,
tt1695136,
tt1695765,
tt17024450,92373751.0
tt1706414,
tt1707386,149260140.0
tt1714210,484592.0
tt1714834,
tt1716772,36000.0
tt1718837,
tt1722450,
tt1725995,
tt1728245,
tt1740707,253444.0
tt1745713,
tt1745960,718732821.0
tt1746183,
tt1748179,52624.0
tt17491616,
tt1760958,
tt1764600,
tt1765729,
tt17663992,108161389.0
tt1772250,
tt1782568,
tt1787988,2871956.0
tt1793931,
tt1796603,
tt1798709,25568251.0
tt18072376,
tt1822239,
tt18226208,
tt1823664,85911262.0
tt1824171,
tt1826590,48637684.0
tt1838556,14163574.0
tt1851880,
tt18550140,307188.0
tt1855417,
tt1863347,
tt1867566,
tt1873551,
tt1876451,24397469.0
tt1879016,
tt1881109,
tt18816518,106156.0
tt1886740,
tt18925334,9423445.0
tt18926886,
tt19121506,
tt1912518,
tt1920980,
tt1922685,1034589.0
tt1939659,35266619.0
tt1950186,117624357.0
tt19719976,306500.0
tt19722066,
tt19770238,1658790.0
tt1979320,26947624.0
tt19845414,
tt20258156,
tt2028588,
tt2053339,
tt2066051,96368160.0
tt20672490,
tt20673642,
tt20788760,
tt20850406,
tt20865278,
tt2091235,
tt2093100,
tt2093990,1237.0
tt2094018,
tt2099556,
tt21033870,
tt2106411,
tt2106533,
tt2107861,
tt21109538,865888.0
tt21111120,
tt21113962,
tt21148018,
tt2116974,
tt2124096,
tt21254598,
tt2125500,
tt2125698,5514.0
tt21265604,
tt21299844,
tt21307994,2052272.0
tt21309122,
tt21374850,500082.0
tt2140379,12279691.0
tt2142055,
tt2158649,
tt2182001,
tt21867610,
tt21869176,
tt21881982,
tt2190760,
tt2191765,
tt2192016,67533.0
tt2210769,
tt2215477,2738863.0
tt2215719,25326071.0
tt22185176,
tt2222042,1070714.0
tt2222394,
tt2231457,
tt2231461,101028233.0
tt2243389,1368119.0
tt2245906,
tt2246833,
tt22507524,
tt2252680,
tt2258239,
tt2258565,
tt2261719,
tt2283336,80001807.0
tt2288121,
tt22890246,167725.0
tt2305051,37880356.0
tt2311348,
tt23177868,4275970.0
tt2318405,
tt2321517,
tt2328813,28608.0
tt23289160,56418793.0
tt2331143,334616.0
tt2333598,38106.0
tt2338151,10616104.0
tt2345759,80227895.0
tt2359121,
tt2360390,
tt2361317,10378555.0
tt2378171,
tt2378936,
tt23789808,
tt2380207,
tt2381941,53862963.0
tt2382396,373375.0
tt2398143,
tt2400314,
tt2401096,
tt2401715,11294.0
tt2402091,
tt2404217,
tt2404435,93432655.0
tt2404738,
tt2409302,28534.0
tt2451550,
tt24659372,
tt2469210,
tt2474958,
tt2475794,
tt2494396,
tt2527336,620181382.0
tt2527338,515202542.0
tt2543010,
tt2544766,
tt2553908,173472.0
tt2557478,59874525.0
tt2562232,42340598.0
tt2569398,
tt2582846,124872350.0
tt25828590,
tt2584384,33370906.0
tt2593290,
tt2597216,
tt2617828,
tt2618368,14701.0
tt2620590,
tt2638144,26410477.0
tt26427249,
tt2649128,
tt2649152,
tt2651370,
tt2659414,
tt26612950,602912.0
tt2664264,
tt2675914,50251.0
tt26935962,
tt2713180,85817906.0
tt2718440,
tt2719848,43482270.0
tt2736854,
tt2739884,
tt27590147,
tt2763304,2402004.0
tt27672387,
tt27775514,
tt2802154,1092800.0
tt28080961,
tt28152455,
tt2823088,
tt28350776,
tt2852376,
tt2856930,
tt2861532,
tt2876428,154356.0
tt2882328,
tt2882854,
tt29031019,
tt2905422,
tt2906216,93277026.0
tt2910814,600896.0
tt2923316,
tt2935510,50188370.0
tt2948372,946154.0
tt2955316,
tt3013602,
tt3028418,
tt3053228,
tt3065204,102516140.0
tt3072732,
tt3074610,
tt3096712,
tt3098306,
tt3103318,
tt3121434,
tt3123010,
tt3136646,
tt3155242,
tt3155604,
tt3165630,
tt3173594,11239.0
tt3181776,
tt3183660,234037575.0
tt3194532,
tt3206616,
tt3276924,50136.0
tt3278224,2739.0
tt3281548,108101214.0
tt3286560,
tt3303728,
tt3315342,226277068.0
tt3339650,
tt3354222,
tt3402236,102826543.0
tt3410834,66184051.0
tt3417422,
tt3428882,
tt3450116,870063.0
tt3451498,
tt3467412,
tt3469798,
tt3480822,183651655.0
tt3508268,
tt3522136,
tt3554046,70592228.0
tt3581652,38530322.0
tt3584954,
tt3587486,
tt3614516,
tt3631112,75395035.0
tt3644570,
tt3661798,
tt3662764,
tt3685622,
tt3686272,
tt3704050,1184564.0
tt3704428,151040048.0
tt3711466,
tt3720058,
tt3720724,
tt3721072,
tt3729920,587774.0
tt3732252,
tt3756788,467555.0
tt3758172,
tt3775202,
tt3784222,
tt3805180,
tt3829266,51024708.0
tt3829920,18343983.0
tt3846334,
tt3855730,
tt3877844,
tt3881410,
tt3886454,
tt3896102,5874.0
tt3902310,
tt3907284,
tt3909336,60298.0
tt3914624,
tt3952226,
tt3953834,
tt3970854,
tt3991412,
tt3995766,
tt4003046,
tt4010918,
tt4012424,
tt4040616,
tt4058346,
tt4079152,
tt4084056,
tt4084744,
tt4105584,
tt4110388,
tt4119030,
tt4120176,388140.0
tt4121640,
tt4123432,95850844.0
tt4131496,
tt4142598,
tt4154664,426829839.0
tt4156700,
tt4162910,
tt4170436,
tt4176826,
tt4187590,
tt4230876,
tt4244994,10853945.0
tt4287320,20497844.0
tt4296386,
tt4313614,
tt4333408,
tt4341864,
tt4357170,3629842.0
tt4383594,19700032.0
tt4384088,
tt4400038,
tt4411504,201227.0
tt4412362,
tt4419196,
tt4422290,
tt4425200,92029184.0
tt4457020,650465.0
tt4457820,
tt4463894,21360215.0
tt4466864,
tt4471388,
tt4488744,13509.0
tt4513678,129360575.0
tt4530884,
tt4537362,
tt4547056,
tt4554690,257371.0
tt4559932,
tt4562518,
tt4589186,
tt4633694,190241310.0
tt4643580,9080818.0
tt4647432,
tt4682266,23852659.0
tt4695012,13985117.0
tt4701660,3232685.0
tt4704422,
tt4706702,
tt4731148,
tt4761112,836536.0
tt4767340,
tt4777008,113929605.0
tt4823434,175559.0
tt4829436,
tt4838440,
tt4842270,
tt4846952,
tt4871120,
tt4901306,
tt4912622,
tt4924942,
tt4951982,
tt4958468,2156047.0
tt4975722,27854932.0
tt4991676,
tt5031998,
tt5034838,100916094.0
tt5050904,
tt5078204,
tt5083604,
tt5096628,
tt5112348,
tt5113044,370270765.0
tt5117428,1635117.0
tt5121548,
tt5144174,364237.0
tt5151570,10433915.0
tt5157456,
tt5164214,140295726.0
tt5177088,14841338.0
tt5198844,
tt5207204,
tt5215952,786633.0
tt5223624,
tt5258850,
tt5270810,
tt5278832,101657.0
tt5298180,
tt5317914,
tt5321942,1741889.0
tt5338588,
tt5345806,
tt5352802,
tt5433138,173005945.0
tt5437194,
tt5442430,30234022.0
tt5456104,
tt5485420,
tt5487052,
tt5487524,
tt5488854,
tt5517708,
tt5537686,
tt5538800,
tt5574080,
tt5591458,
tt5592878,
tt5606664,31581712.0
tt5629524,
tt5653294,
tt5697572,27166770.0
tt5699154,
tt5714320,
tt5714470,184477.0
tt5727208,50023780.0
tt5736696,
tt5752192,
tt5774060,17291078.0
tt5790492,
tt5804038,7123919.0
tt5807536,
tt5808778,
tt5837242,12954.0
tt5840988,
tt5844488,
tt5862312,
tt5884052,144174568.0
tt5884796,32111181.0
tt5894846,
tt5918028,175702.0
tt5953804,
tt5954462,
tt5971474,298172056.0
tt5973626,
tt5978822,
tt5987402,
tt5989218,4102648.0
tt5991410,
tt6010628,
tt6012244,
tt6041030,
tt6054874,9996.0
tt6063090,20056.0
tt6070530,
tt6083230,
tt6095090,
tt6095472,41667116.0
tt6105880,
tt6139732,355559216.0
tt6141246,
tt6144532,
tt6155172,
tt6157604,
tt6157970,
tt6189022,69030436.0
tt6193408,
tt6213294,
tt6237224,
tt6264654,121626598.0
tt6270596,
tt6332276,382457.0
tt6334354,55817425.0
tt6386748,507259.0
tt6390668,146535.0
tt6443346,168152111.0
tt6444140,
tt6450804,62253077.0
tt6459494,
tt6475714,15162470.0
tt6476140,8547045.0
tt6489160,
tt6537238,
tt6565702,65845974.0
tt6584254,
tt6612178,
tt6616622,
tt6628228,
tt6673840,
tt6685776,
tt6710474,77191785.0
tt6723592,58504105.0
tt6751668,53369749.0
tt6755880,
tt6772418,
tt6772524,
tt6788942,
tt6789126,
tt6791350,358995815.0
tt6793470,
tt6823698,
tt6830412,
tt6833964,
tt6841500,
tt6844328,
tt6882604,139593.0
tt6902676,
tt6906292,6937696.0
tt6907804,
tt6915208,
tt6920084,17000612.0
tt6939372,
tt6952604,
tt6964554,
tt6990206,
tt7025210,
tt7046826,
tt7080138,
tt7085234,
tt7097896,213550366.0
tt7115920,
tt7126386,
tt7126948,46801036.0
tt7131622,142502728.0
tt7144666,90123230.0
tt7170698,
tt7185492,
tt7238392,
tt7251888,
tt7273648,
tt7280898,
tt7286456,335477657.0
tt7298400,422814.0
tt7304032,
tt7328154,
tt7349950,211622525.0
tt7362036,6752.0
tt7394636,
tt7397338,
tt7405458,64267657.0
tt7430722,4654000.0
tt7456310,7743794.0
tt7458762,
tt7464158,
tt7475284,
tt7479718,
tt7479784,
tt7493184,
tt7495440,
tt7504726,62342368.0
tt7526492,
tt7575778,
tt7582830,68031.0
tt7599146,184178046.0
tt7601480,
tt7623230,
tt7632930,
tt7638348,
tt7645334,203403.0
tt7653254,
tt7657566,45630104.0
tt7670212,6160.0
tt7679126,
tt7691572,
tt7707314,
tt7713068,84172791.0
tt7725626,
tt7736478,296027.0
tt7737786,
tt7738450,
tt7763020,
tt7766122,
tt7776936,
tt7798634,28714231.0
tt7806430,
tt7818580,
tt7844166,
tt7858496,
tt7863198,
tt7867670,
tt7880466,
tt7888964,27568035.0
tt7926840,
tt7967412,
tt7975244,320314960.0
tt7984734,10867104.0
tt8005366,
tt8011450,
tt8019694,171781.0
tt8041270,376851080.0
tt8049994,927154.0
tt8051894,7665865.0
tt8054150,
tt8093700,67328130.0
tt8098546,
tt8110652,11446602.0
tt8220326,
tt8223844,178027.0
tt8234866,
tt8237888,
tt8254556,
tt8291806,4567338.0
tt8291918,
tt8323120,9619.0
tt8326250,
tt8329618,
tt8332658,
tt8351882,
tt8356942,14570455.0
tt8367814,36471795.0
tt8376986,
tt8396188,
tt8461224,1044212.0
tt8483272,15758.0
tt8497794,
tt8499198,
tt8523334,
tt8561672,
tt8561690,
tt8579674,159227644.0
tt8613070,3759854.0
tt8615732,
tt8633464,46872.0
tt8637440,234429.0
tt8661486,
tt8664988,
tt8761814,
tt8769146,
tt8790552,
tt8805486,
tt8806768,
tt8820590,
tt8829616,
tt8844480,
tt8866460,
tt8912936,93657117.0
tt8918042,
tt8938852,
tt8946378,165363234.0
tt8969332,4366949.0
tt8976842,
tt8980468,
tt8986842,
tt9032400,164870234.0
tt9063684,
tt9063902,
tt9067182,
tt9071322,11136084.0
tt9086598,
tt9098872,1060556.0
tt9114286,453829060.0
tt9141588,
tt9143112,
tt9198364,8286741.0
tt9207700,101339.0
tt9226154,
tt9231040,101068.0
tt9243804,17173321.0
tt9303778,
tt9310606,
tt9347730,61186570.0
tt9357050,15002646.0
tt9363208,
tt9376612,224543292.0
tt9387250,
tt9397884,
tt9410034,
tt9411972,90230760.0
tt9419884,411331607.0
tt9427166,
tt9450542,
tt9484998,164000.0
tt9558612,
tt9563096,
tt9581076,
tt9586294,1921657.0
tt9615680,
tt9616700,
tt9624470,
tt9635616,487157.0
tt9648886,
tt9652322,
tt9663702,
tt9686708,
tt9717498,
tt9738784,
tt9742794,
tt9770150,3700000.0
tt9786512,
tt9795368,
tt9806468,
tt9809140,
tt9834506,
tt9837502,
tt9839038,
tt9906644,
tt9916362,
